{
  "project_info": {
    "project_number": "619025887279",
    "project_id": "result-5b04b",
    "storage_bucket": "result-5b04b.appspot.com"
  },
  "client": [
    {
      "client_info": {
        "mobilesdk_app_id": "1:619025887279:android:4c187e29b9d234054cd6da",
        "android_client_info": {
          "package_name": "com.example.result"
        }
      },
      "oauth_client": [
        {
          "client_id": "619025887279-jobkkh51bvjg46a4vsmjhvub8808mq9l.apps.googleusercontent.com",
          "client_type": 3
        }
      ],
      "api_key": [
        {
          "current_key": "AIzaSyDrzmftarEcCE-PeSVolict48Oi2baYPA8"
        }
      ],
      "services": {
        "appinvite_service": {
          "other_platform_oauth_client": [
            {
              "client_id": "619025887279-jobkkh51bvjg46a4vsmjhvub8808mq9l.apps.googleusercontent.com",
              "client_type": 3
            }
          ]
        }
      }
    }
  ],
  "configuration_version": "1"
}